Campaign,Ad Group,Status,Headline 1,Headline 2,Headline 3,Description 1,Description 2,Final URL,Path 1,Path 2,Max CPC
Search - Brand Terms,CRM Software,Enabled,Best CRM for Small Business,Start Your Free Trial Today,Get Started in Minutes,"Transform your sales process with our intuitive CRM. Trusted by 50,000+ businesses worldwide.",Free trial. No credit card required. Cancel anytime. 24/7 support included.,https://example-crm.com/trial,trial,get-started,0.5
Search - Competitor Terms,Marketing Tools,Enabled,AI-Powered Sales Platform,No Credit Card Required,Used by Industry Leaders,"Automate your marketing and boost ROI by 3x. Easy setup, powerful results.",Join thousands of happy customers. Rated 4.9/5 stars. Get started today.,https://marketing-automation.io/demo,demo,free-trial,0.75
Search - Generic Software,Sales Automation,Enabled,Grow Revenue by 40%,Cancel Anytime,5-Star Customer Reviews,Manage projects efficiently with real-time collaboration. Try it free for 14 days.,Integrates with all major platforms. Easy migration. Expert support team.,https://project-mgmt.com/signup,signup,learn-more,1.0
Search - B2B SaaS,Analytics Platform,Enabled,Free 14-Day Trial,24/7 Customer Support,Money-Back Guarantee,Store and share files securely in the cloud. Enterprise-grade security included.,SOC 2 certified. GDPR compliant. Bank-level encryption. Your data is safe.,https://cloud-storage.com/business,pricing,contact,1.25
Display - Remarketing,Project Management,Enabled,Trusted by 50K+ Companies,SOC 2 Certified,Live Demo Available,Host HD video meetings with up to 500 participants. Crystal clear audio and video.,Mobile apps for iOS and Android. Work from anywhere. Offline mode available.,https://video-meetings.com/free-trial,features,about,1.5
Search - Brand Terms,Cloud Storage,Enabled,Marketing Automation,Integrates with 1000+ Apps,Expert Onboarding,Create stunning email campaigns in minutes. Advanced analytics and A/B testing.,Free trial. No credit card required. Cancel anytime. 24/7 support included.,https://email-platform.io/features,trial,get-started,2.0
Search - Competitor Terms,Video Conferencing,Enabled,Project Management Software,Mobile App Included,No Setup Fees,Schedule and analyze social media posts. Save 10 hours per week on social management.,Join thousands of happy customers. Rated 4.9/5 stars. Get started today.,https://social-media-tools.com/start,demo,free-trial,2.5
Search - Generic Software,Email Marketing,Enabled,Secure Cloud Storage,Advanced Analytics,Scale with Your Business,Simplify your accounting with automated workflows. Perfect for small businesses.,Integrates with all major platforms. Easy migration. Expert support team.,https://accounting-software.io/small-business,signup,learn-more,3.0
Search - B2B SaaS,Social Media Tools,Enabled,HD Video Calls,Team Collaboration,Award-Winning Platform,Track KPIs and visualize data with beautiful dashboards. Real-time insights.,SOC 2 certified. GDPR compliant. Bank-level encryption. Your data is safe.,https://analytics-platform.com/demo,pricing,contact,0.5
Display - Remarketing,Accounting Software,Enabled,Email Marketing Made Easy,Affordable Pricing,Join 100K+ Happy Customers,Streamline HR processes from hiring to offboarding. All-in-one platform.,Mobile apps for iOS and Android. Work from anywhere. Offline mode available.,https://hr-software.io/trial,features,about,0.75
Search - Brand Terms,CRM Software,Enabled,Best CRM for Small Business,Start Your Free Trial Today,Get Started in Minutes,"Transform your sales process with our intuitive CRM. Trusted by 50,000+ businesses worldwide.",Free trial. No credit card required. Cancel anytime. 24/7 support included.,https://example-crm.com/trial,trial,get-started,1.0
Search - Competitor Terms,Marketing Tools,Enabled,AI-Powered Sales Platform,No Credit Card Required,Used by Industry Leaders,"Automate your marketing and boost ROI by 3x. Easy setup, powerful results.",Join thousands of happy customers. Rated 4.9/5 stars. Get started today.,https://marketing-automation.io/demo,demo,free-trial,1.25
Search - Generic Software,Sales Automation,Enabled,Grow Revenue by 40%,Cancel Anytime,5-Star Customer Reviews,Manage projects efficiently with real-time collaboration. Try it free for 14 days.,Integrates with all major platforms. Easy migration. Expert support team.,https://project-mgmt.com/signup,signup,learn-more,1.5
Search - B2B SaaS,Analytics Platform,Enabled,Free 14-Day Trial,24/7 Customer Support,Money-Back Guarantee,Store and share files securely in the cloud. Enterprise-grade security included.,SOC 2 certified. GDPR compliant. Bank-level encryption. Your data is safe.,https://cloud-storage.com/business,pricing,contact,2.0
Display - Remarketing,Project Management,Enabled,Trusted by 50K+ Companies,SOC 2 Certified,Live Demo Available,Host HD video meetings with up to 500 participants. Crystal clear audio and video.,Mobile apps for iOS and Android. Work from anywhere. Offline mode available.,https://video-meetings.com/free-trial,features,about,2.5
Search - Brand Terms,Cloud Storage,Enabled,Marketing Automation,Integrates with 1000+ Apps,Expert Onboarding,Create stunning email campaigns in minutes. Advanced analytics and A/B testing.,Free trial. No credit card required. Cancel anytime. 24/7 support included.,https://email-platform.io/features,trial,get-started,3.0
Search - Competitor Terms,Video Conferencing,Enabled,Project Management Software,Mobile App Included,No Setup Fees,Schedule and analyze social media posts. Save 10 hours per week on social management.,Join thousands of happy customers. Rated 4.9/5 stars. Get started today.,https://social-media-tools.com/start,demo,free-trial,0.5
Search - Generic Software,Email Marketing,Enabled,Secure Cloud Storage,Advanced Analytics,Scale with Your Business,Simplify your accounting with automated workflows. Perfect for small businesses.,Integrates with all major platforms. Easy migration. Expert support team.,https://accounting-software.io/small-business,signup,learn-more,0.75
Search - B2B SaaS,Social Media Tools,Enabled,HD Video Calls,Team Collaboration,Award-Winning Platform,Track KPIs and visualize data with beautiful dashboards. Real-time insights.,SOC 2 certified. GDPR compliant. Bank-level encryption. Your data is safe.,https://analytics-platform.com/demo,pricing,contact,1.0
Display - Remarketing,Accounting Software,Enabled,Email Marketing Made Easy,Affordable Pricing,Join 100K+ Happy Customers,Streamline HR processes from hiring to offboarding. All-in-one platform.,Mobile apps for iOS and Android. Work from anywhere. Offline mode available.,https://hr-software.io/trial,features,about,1.25
Search - Brand Terms,CRM Software,Enabled,Best CRM for Small Business,Start Your Free Trial Today,Get Started in Minutes,"Transform your sales process with our intuitive CRM. Trusted by 50,000+ businesses worldwide.",Free trial. No credit card required. Cancel anytime. 24/7 support included.,https://example-crm.com/trial,trial,get-started,1.5
Search - Competitor Terms,Marketing Tools,Enabled,AI-Powered Sales Platform,No Credit Card Required,Used by Industry Leaders,"Automate your marketing and boost ROI by 3x. Easy setup, powerful results.",Join thousands of happy customers. Rated 4.9/5 stars. Get started today.,https://marketing-automation.io/demo,demo,free-trial,2.0
Search - Generic Software,Sales Automation,Enabled,Grow Revenue by 40%,Cancel Anytime,5-Star Customer Reviews,Manage projects efficiently with real-time collaboration. Try it free for 14 days.,Integrates with all major platforms. Easy migration. Expert support team.,https://project-mgmt.com/signup,signup,learn-more,2.5
Search - B2B SaaS,Analytics Platform,Enabled,Free 14-Day Trial,24/7 Customer Support,Money-Back Guarantee,Store and share files securely in the cloud. Enterprise-grade security included.,SOC 2 certified. GDPR compliant. Bank-level encryption. Your data is safe.,https://cloud-storage.com/business,pricing,contact,3.0
Display - Remarketing,Project Management,Enabled,Trusted by 50K+ Companies,SOC 2 Certified,Live Demo Available,Host HD video meetings with up to 500 participants. Crystal clear audio and video.,Mobile apps for iOS and Android. Work from anywhere. Offline mode available.,https://video-meetings.com/free-trial,features,about,0.5
Search - Brand Terms,Cloud Storage,Enabled,Marketing Automation,Integrates with 1000+ Apps,Expert Onboarding,Create stunning email campaigns in minutes. Advanced analytics and A/B testing.,Free trial. No credit card required. Cancel anytime. 24/7 support included.,https://email-platform.io/features,trial,get-started,0.75
Search - Competitor Terms,Video Conferencing,Enabled,Project Management Software,Mobile App Included,No Setup Fees,Schedule and analyze social media posts. Save 10 hours per week on social management.,Join thousands of happy customers. Rated 4.9/5 stars. Get started today.,https://social-media-tools.com/start,demo,free-trial,1.0
Search - Generic Software,Email Marketing,Enabled,Secure Cloud Storage,Advanced Analytics,Scale with Your Business,Simplify your accounting with automated workflows. Perfect for small businesses.,Integrates with all major platforms. Easy migration. Expert support team.,https://accounting-software.io/small-business,signup,learn-more,1.25
Search - B2B SaaS,Social Media Tools,Enabled,HD Video Calls,Team Collaboration,Award-Winning Platform,Track KPIs and visualize data with beautiful dashboards. Real-time insights.,SOC 2 certified. GDPR compliant. Bank-level encryption. Your data is safe.,https://analytics-platform.com/demo,pricing,contact,1.5
Display - Remarketing,Accounting Software,Enabled,Email Marketing Made Easy,Affordable Pricing,Join 100K+ Happy Customers,Streamline HR processes from hiring to offboarding. All-in-one platform.,Mobile apps for iOS and Android. Work from anywhere. Offline mode available.,https://hr-software.io/trial,features,about,2.0
Search - Brand Terms,CRM Software,Enabled,Best CRM for Small Business,Start Your Free Trial Today,Get Started in Minutes,"Transform your sales process with our intuitive CRM. Trusted by 50,000+ businesses worldwide.",Free trial. No credit card required. Cancel anytime. 24/7 support included.,https://example-crm.com/trial,trial,get-started,2.5
Search - Competitor Terms,Marketing Tools,Enabled,AI-Powered Sales Platform,No Credit Card Required,Used by Industry Leaders,"Automate your marketing and boost ROI by 3x. Easy setup, powerful results.",Join thousands of happy customers. Rated 4.9/5 stars. Get started today.,https://marketing-automation.io/demo,demo,free-trial,3.0
Search - Generic Software,Sales Automation,Enabled,Grow Revenue by 40%,Cancel Anytime,5-Star Customer Reviews,Manage projects efficiently with real-time collaboration. Try it free for 14 days.,Integrates with all major platforms. Easy migration. Expert support team.,https://project-mgmt.com/signup,signup,learn-more,0.5
Search - B2B SaaS,Analytics Platform,Enabled,Free 14-Day Trial,24/7 Customer Support,Money-Back Guarantee,Store and share files securely in the cloud. Enterprise-grade security included.,SOC 2 certified. GDPR compliant. Bank-level encryption. Your data is safe.,https://cloud-storage.com/business,pricing,contact,0.75
Display - Remarketing,Project Management,Enabled,Trusted by 50K+ Companies,SOC 2 Certified,Live Demo Available,Host HD video meetings with up to 500 participants. Crystal clear audio and video.,Mobile apps for iOS and Android. Work from anywhere. Offline mode available.,https://video-meetings.com/free-trial,features,about,1.0
Search - Brand Terms,Cloud Storage,Enabled,Marketing Automation,Integrates with 1000+ Apps,Expert Onboarding,Create stunning email campaigns in minutes. Advanced analytics and A/B testing.,Free trial. No credit card required. Cancel anytime. 24/7 support included.,https://email-platform.io/features,trial,get-started,1.25
Search - Competitor Terms,Video Conferencing,Enabled,Project Management Software,Mobile App Included,No Setup Fees,Schedule and analyze social media posts. Save 10 hours per week on social management.,Join thousands of happy customers. Rated 4.9/5 stars. Get started today.,https://social-media-tools.com/start,demo,free-trial,1.5
Search - Generic Software,Email Marketing,Enabled,Secure Cloud Storage,Advanced Analytics,Scale with Your Business,Simplify your accounting with automated workflows. Perfect for small businesses.,Integrates with all major platforms. Easy migration. Expert support team.,https://accounting-software.io/small-business,signup,learn-more,2.0
Search - B2B SaaS,Social Media Tools,Enabled,HD Video Calls,Team Collaboration,Award-Winning Platform,Track KPIs and visualize data with beautiful dashboards. Real-time insights.,SOC 2 certified. GDPR compliant. Bank-level encryption. Your data is safe.,https://analytics-platform.com/demo,pricing,contact,2.5
Display - Remarketing,Accounting Software,Enabled,Email Marketing Made Easy,Affordable Pricing,Join 100K+ Happy Customers,Streamline HR processes from hiring to offboarding. All-in-one platform.,Mobile apps for iOS and Android. Work from anywhere. Offline mode available.,https://hr-software.io/trial,features,about,3.0
Search - Brand Terms,CRM Software,Enabled,Best CRM for Small Business,Start Your Free Trial Today,Get Started in Minutes,"Transform your sales process with our intuitive CRM. Trusted by 50,000+ businesses worldwide.",Free trial. No credit card required. Cancel anytime. 24/7 support included.,https://example-crm.com/trial,trial,get-started,0.5
Search - Competitor Terms,Marketing Tools,Enabled,AI-Powered Sales Platform,No Credit Card Required,Used by Industry Leaders,"Automate your marketing and boost ROI by 3x. Easy setup, powerful results.",Join thousands of happy customers. Rated 4.9/5 stars. Get started today.,https://marketing-automation.io/demo,demo,free-trial,0.75
Search - Generic Software,Sales Automation,Paused,Grow Revenue by 40%,Cancel Anytime,5-Star Customer Reviews,Manage projects efficiently with real-time collaboration. Try it free for 14 days.,Integrates with all major platforms. Easy migration. Expert support team.,https://project-mgmt.com/signup,signup,learn-more,1.0
Search - B2B SaaS,Analytics Platform,Paused,Free 14-Day Trial,24/7 Customer Support,Money-Back Guarantee,Store and share files securely in the cloud. Enterprise-grade security included.,SOC 2 certified. GDPR compliant. Bank-level encryption. Your data is safe.,https://cloud-storage.com/business,pricing,contact,1.25
Display - Remarketing,Project Management,Paused,Trusted by 50K+ Companies,SOC 2 Certified,Live Demo Available,Host HD video meetings with up to 500 participants. Crystal clear audio and video.,Mobile apps for iOS and Android. Work from anywhere. Offline mode available.,https://video-meetings.com/free-trial,features,about,1.5
Search - Brand Terms,Cloud Storage,Paused,This is a very long headline that definitely exceeds the 30 character limit,Integrates with 1000+ Apps,Expert Onboarding,Create stunning email campaigns in minutes. Advanced analytics and A/B testing.,Free trial. No credit card required. Cancel anytime. 24/7 support included.,https://email-platform.io/features,trial,get-started,2.0
Search - Competitor Terms,Video Conferencing,Paused,BUY NOW GET 50% OFF TODAY!!!!!,Mobile App Included,No Setup Fees,This is a very long description that goes way beyond the 90 character limit allowed by Google Ads and will definitely be rejected by the platform when uploaded,Join thousands of happy customers. Rated 4.9/5 stars. Get started today.,https://social-media-tools.com/start,demo,free-trial,2.5
Search - Generic Software,Email Marketing,active,Secure Cloud Storage,GET THE BEST DEAL OF THE YEAR,Scale with Your Business,Simplify your accounting with automated workflows. Perfect for small businesses.,SIGN UP NOW AND GET 50% OFF YOUR FIRST MONTH WITH OUR AMAZING LIMITED TIME OFFER!!!,https://accounting-software.io/small-business,this-is-too-long,learn-more,3.0
Search - B2B SaaS,Social Media Tools,active,HD Video Calls,Team Collaboration,,Track KPIs and visualize data with beautiful dashboards. Real-time insights.,SOC 2 certified. GDPR compliant. Bank-level encryption. Your data is safe.,example.com,pricing,contact,5.0
Display - Remarketing,Accounting Software,deleted,Email Marketing Made Easy,Affordable Pricing,Join 100K+ Happy Customers,Streamline HR processes from hiring to offboarding. All-in-one platform.,Mobile apps for iOS and Android. Work from anywhere. Offline mode available.,,features,about,7.5
