Campaign Name,Status,Headline,Introduction,Landing Page URL,Daily Budget
Q1 2026 Campaign 01,ACTIVE,Boost Your Marketing ROI Today,"Increase your marketing efficiency by 3x with our AI-powered platform. Join 10,000+ companies.",https://example-marketing.com/landing,500
Q1 2026 Campaign 02,ACTIVE,Enterprise Software Solutions,Protect your data with enterprise-grade security. SOC 2 certified and GDPR compliant.,https://enterprise-software.com/demo,150
Q1 2026 Campaign 03,ACTIVE,Transform Your Business,Streamline operations and reduce costs by up to 40%. Trusted by Fortune 500 companies.,https://business-transform.io/solutions,300
Q1 2026 Campaign 04,ACTIVE,Cloud Security You Can Trust,Get real-time insights from your data. No coding required. Free trial available.,https://cloud-security-pro.com/trial,50
Q1 2026 Campaign 05,ACTIVE,AI-Powered Analytics Platform,Close deals faster with intelligent CRM features. Integrates with all major platforms.,https://ai-analytics.io/platform,50
Q1 2026 Campaign 06,ACTIVE,Modern CRM for Sales Teams,"Upskill your team with expert-led courses. 500+ courses across tech, business, and leadership.",https://modern-crm.com/sales,250
Q1 2026 Campaign 07,ACTIVE,Professional Development Courses,Defend against cyber threats with our advanced security suite. 99.99% uptime guaranteed.,https://profdev-academy.com/courses,250
Q1 2026 Campaign 08,ACTIVE,Cybersecurity for SMBs,Grow your SaaS revenue with proven strategies. Access expert guidance and templates.,https://cybersec-smb.com/protect,200
Q1 2026 Campaign 09,ACTIVE,Scale Your SaaS Business,Make better decisions with powerful analytics. Track KPIs that matter to your business.,https://scale-saas.io/growth,500
Q1 2026 Campaign 10,ACTIVE,Data-Driven Marketing Tools,Collaborate seamlessly across teams and timezones. Used by distributed teams worldwide.,https://datamark-tools.com/signup,300
Q1 2026 Campaign 11,ACTIVE,Project Management Software,"Increase your marketing efficiency by 3x with our AI-powered platform. Join 10,000+ companies.",https://example-marketing.com/landing,300
Q1 2026 Campaign 12,ACTIVE,Employee Engagement Platform,Protect your data with enterprise-grade security. SOC 2 certified and GDPR compliant.,https://enterprise-software.com/demo,200
Q1 2026 Campaign 13,ACTIVE,Financial Planning Services,Streamline operations and reduce costs by up to 40%. Trusted by Fortune 500 companies.,https://business-transform.io/solutions,250
Q1 2026 Campaign 14,ACTIVE,Legal Tech Solutions,Get real-time insights from your data. No coding required. Free trial available.,https://cloud-security-pro.com/trial,50
Q1 2026 Campaign 15,ACTIVE,Healthcare IT Systems,Close deals faster with intelligent CRM features. Integrates with all major platforms.,https://ai-analytics.io/platform,200
Q1 2026 Campaign 16,ACTIVE,Supply Chain Optimization,"Upskill your team with expert-led courses. 500+ courses across tech, business, and leadership.",https://modern-crm.com/sales,100
Q1 2026 Campaign 17,ACTIVE,Customer Success Platform,Defend against cyber threats with our advanced security suite. 99.99% uptime guaranteed.,https://profdev-academy.com/courses,100
Q1 2026 Campaign 18,ACTIVE,HR Management Software,Grow your SaaS revenue with proven strategies. Access expert guidance and templates.,https://cybersec-smb.com/protect,250
Q1 2026 Campaign 19,ACTIVE,Sales Enablement Tools,Make better decisions with powerful analytics. Track KPIs that matter to your business.,https://scale-saas.io/growth,50
Q1 2026 Campaign 20,ACTIVE,Business Intelligence Suite,Collaborate seamlessly across teams and timezones. Used by distributed teams worldwide.,https://datamark-tools.com/signup,150
Q1 2026 Campaign 21,ACTIVE,Marketing Automation Platform,"Increase your marketing efficiency by 3x with our AI-powered platform. Join 10,000+ companies.",https://example-marketing.com/landing,50
Q1 2026 Campaign 22,ACTIVE,E-commerce Analytics,Protect your data with enterprise-grade security. SOC 2 certified and GDPR compliant.,https://enterprise-software.com/demo,150
Q1 2026 Campaign 23,ACTIVE,Video Conferencing Solution,Streamline operations and reduce costs by up to 40%. Trusted by Fortune 500 companies.,https://business-transform.io/solutions,200
Q1 2026 Campaign 24,ACTIVE,Document Management System,Get real-time insights from your data. No coding required. Free trial available.,https://cloud-security-pro.com/trial,200
Q1 2026 Campaign 25,ACTIVE,Accounting Software for SMBs,Close deals faster with intelligent CRM features. Integrates with all major platforms.,https://ai-analytics.io/platform,50
Q1 2026 Campaign 26,ACTIVE,Real Estate CRM,"Upskill your team with expert-led courses. 500+ courses across tech, business, and leadership.",https://modern-crm.com/sales,200
Q1 2026 Campaign 27,ACTIVE,Manufacturing ERP System,Defend against cyber threats with our advanced security suite. 99.99% uptime guaranteed.,https://profdev-academy.com/courses,200
Q1 2026 Campaign 28,ACTIVE,Recruitment Platform,Grow your SaaS revenue with proven strategies. Access expert guidance and templates.,https://cybersec-smb.com/protect,50
Q1 2026 Campaign 29,ACTIVE,Learning Management System,Make better decisions with powerful analytics. Track KPIs that matter to your business.,https://scale-saas.io/growth,300
Q1 2026 Campaign 30,ACTIVE,Customer Support Software,Collaborate seamlessly across teams and timezones. Used by distributed teams worldwide.,https://datamark-tools.com/signup,100
Q1 2026 Campaign 31,ACTIVE,Inventory Management Tools,"Increase your marketing efficiency by 3x with our AI-powered platform. Join 10,000+ companies.",https://example-marketing.com/landing,300
Q1 2026 Campaign 32,ACTIVE,Email Marketing Platform,Protect your data with enterprise-grade security. SOC 2 certified and GDPR compliant.,https://enterprise-software.com/demo,500
Q1 2026 Campaign 33,ACTIVE,Social Media Management,Streamline operations and reduce costs by up to 40%. Trusted by Fortune 500 companies.,https://business-transform.io/solutions,250
Q1 2026 Campaign 34,ACTIVE,SEO & Content Tools,Get real-time insights from your data. No coding required. Free trial available.,https://cloud-security-pro.com/trial,250
Q1 2026 Campaign 35,ACTIVE,Payment Processing Solution,Close deals faster with intelligent CRM features. Integrates with all major platforms.,https://ai-analytics.io/platform,200
Q1 2026 Campaign 36,ACTIVE,API Management Platform,"Upskill your team with expert-led courses. 500+ courses across tech, business, and leadership.",https://modern-crm.com/sales,50
Q1 2026 Campaign 37,ACTIVE,Cloud Storage & Backup,Defend against cyber threats with our advanced security suite. 99.99% uptime guaranteed.,https://profdev-academy.com/courses,150
Q1 2026 Campaign 38,ACTIVE,Network Monitoring Tools,Grow your SaaS revenue with proven strategies. Access expert guidance and templates.,https://cybersec-smb.com/protect,300
Q1 2026 Campaign 39,ACTIVE,DevOps Automation,Make better decisions with powerful analytics. Track KPIs that matter to your business.,https://scale-saas.io/growth,200
Q1 2026 Campaign 40,ACTIVE,Quality Assurance Software,Collaborate seamlessly across teams and timezones. Used by distributed teams worldwide.,https://datamark-tools.com/signup,250
Q1 2026 Campaign 41,PAUSED,THIS HEADLINE IS IN ALL CAPS AND WILL TRIGGER A WARNING ABOUT EXCESSIVE CAPITALIZATION,"Increase your marketing efficiency by 3x with our AI-powered platform. Join 10,000+ companies.",https://example-marketing.com/landing,500
Q1 2026 Campaign 42,PAUSED,This is a very long headline that exceeds the recommended 70 character limit for LinkedIn ads and will be truncated on mobile devices making it hard to read,Protect your data with enterprise-grade security. SOC 2 certified and GDPR compliant.,https://enterprise-software.com/demo,300
Q1 2026 Campaign 43,PAUSED,Get 50% OFF NOW!!!,Streamline operations and reduce costs by up to 40%. Trusted by Fortune 500 companies.,example.com/missing-protocol,200
Q1 2026 Campaign 44,PAUSED,Buy Now,Get real-time insights from your data. No coding required. Free trial available.,ftp://wrong-protocol.com,150
Q1 2026 Campaign 45,PAUSED,Free Trial Available,Close deals faster with intelligent CRM features. Integrates with all major platforms.,,300
Q1 2026 Campaign 46,active,Limited Time Offer,"Upskill your team with expert-led courses. 500+ courses across tech, business, and leadership.",https://example .com/space,50
Q1 2026 Campaign 47,active,Contact Us Today,Defend against cyber threats with our advanced security suite. 99.99% uptime guaranteed.,https://profdev-academy.com/courses,150
,active,Learn More About Solutions,Grow your SaaS revenue with proven strategies. Access expert guidance and templates.,https://cybersec-smb.com/protect,50
Q1 2026 Campaign 49,pause,REQUEST A DEMO TODAY,Make better decisions with powerful analytics. Track KPIs that matter to your business.,https://scale-saas.io/growth,5
Q1 2026 Campaign 50,invalid,Sign Up & Save 40%,Collaborate seamlessly across teams and timezones. Used by distributed teams worldwide.,https://datamark-tools.com/signup,50
